,ID,Type1,Type2,Name,HP,Attack,Defense,Sp.Atk,Sp.Def,Speed,Total.Stat
0,"#001
",Grass,Poison,"Bulbasaur
",45,49,49,65,65,45,318
1,"#002
",Grass,Poison,"Ivysaur
",60,62,63,80,80,60,405
2,"#003
",Grass,Poison,"Venusaur
",80,82,83,100,100,80,525
3,"#004
",Fire,Normal,"Charmander
",39,52,43,60,50,65,309
4,"#005
",Fire,Fire,"Charmeleon
",58,64,58,80,65,80,405
5,"#006
",Fire,Flying,"Charizard
",78,84,78,109,85,100,534
6,"#007
",Water,Water,"Squirtle
",44,48,65,50,64,43,314
7,"#008
",Water,Water,"Wartortle
",59,63,80,65,80,58,405
8,"#009
",Water,Water,"Blastoise
",79,83,100,85,105,78,530
9,"#010
",Bug,Bug,"Caterpie
",45,30,35,20,20,45,195
10,"#011
",Bug,Bug,"Metapod
",50,20,55,25,25,30,205
11,"#012
",Bug,Flying,"Butterfree
",60,45,50,90,80,70,395
12,"#013
",Bug,Poison,"Weedle
",40,35,30,20,20,50,195
13,"#014
",Bug,Poison,"Kakuna
",45,25,50,25,25,35,205
14,"#015
",Bug,Poison,"Beedrill
",65,90,40,45,80,75,395
15,"#016
",Normal,Flying,"Pidgey
",40,45,40,35,35,56,251
16,"#017
",Normal,Flying,"Pidgeotto
",63,60,55,50,50,71,349
17,"#018
",Normal,Flying,"Pidgeot
",83,80,75,70,70,101,479
18,"#019
",Normal,Dark,"Rattata
",30,56,35,25,35,72,253
19,"#019
",Normal,Dark,"Rattata
",30,56,35,25,35,72,253
20,"#020
",Normal,Dark,"Raticate
",55,81,60,50,70,97,413
21,"#020
",Normal,Dark,"Raticate
",55,81,60,50,70,97,413
22,"#021
",Normal,Flying,"Spearow
",40,60,30,31,31,70,262
23,"#022
",Normal,Flying,"Fearow
",65,90,65,61,61,100,442
24,"#023
",Poison,Poison,"Ekans
",35,60,44,40,54,55,288
25,"#024
",Poison,Normal,"Arbok
",60,95,69,65,79,80,448
26,"#025
",Electric,Electric,"Pikachu
",35,55,40,50,50,90,320
27,"#026
",Electric,Electric,"Raichu
",60,90,55,90,80,110,485
28,"#026
",Electric,Electric,"Raichu
",60,90,55,90,80,110,485
29,"#027
",Ground,Ice,"Sandshrew
",50,75,85,20,30,40,300
30,"#027
",Ground,Ice,"Sandshrew
",50,75,85,20,30,40,300
31,"#028
",Ground,Ice,"Sandslash
",75,100,110,45,55,65,450
32,"#028
",Ground,Ice,"Sandslash
",75,100,110,45,55,65,450
33,"#029
",Poison,Poison,"Nidoran♀
",55,47,52,40,40,41,275
34,"#030
",Poison,Poison,"Nidorina
",70,62,67,55,55,56,365
35,"#031
",Poison,Ground,"Nidoqueen
",90,92,87,75,85,76,505
36,"#032
",Poison,Normal,"Nidoran♂
",46,57,40,40,40,50,273
37,"#033
",Poison,Poison,"Nidorino
",61,72,57,55,55,65,365
38,"#034
",Poison,Ground,"Nidoking
",81,102,77,85,75,85,505
39,"#035
",Fairy,Fairy,"Clefairy
",70,45,48,60,65,35,323
40,"#036
",Fairy,Fairy,"Clefable
",95,70,73,95,90,60,483
41,"#037
",Fire,Ice,"Vulpix
",38,41,40,50,65,65,299
42,"#037
",Fire,Ice,"Vulpix
",38,41,40,50,65,65,299
43,"#038
",Fire,Ice,"Ninetales
",73,76,75,81,100,100,505
44,"#038
",Fire,Ice,"Ninetales
",73,76,75,81,100,100,505
45,"#039
",Normal,Fairy,"Jigglypuff
",115,45,20,45,25,20,270
46,"#040
",Normal,Fairy,"Wigglytuff
",140,70,45,85,50,45,435
47,"#041
",Poison,Flying,"Zubat
",40,45,35,30,40,55,245
48,"#042
",Poison,Flying,"Golbat
",75,80,70,65,75,90,455
49,"#043
",Grass,Poison,"Oddish
",45,50,55,75,65,30,320
50,"#044
",Grass,Poison,"Gloom
",60,65,70,85,75,40,395
51,"#045
",Grass,Poison,"Vileplume
",75,80,85,110,90,50,490
52,"#046
",Bug,Grass,"Paras
",35,70,55,45,55,25,285
53,"#047
",Bug,Grass,"Parasect
",60,95,80,60,80,30,405
54,"#048
",Bug,Poison,"Venonat
",60,55,50,40,55,45,305
55,"#049
",Bug,Poison,"Venomoth
",70,65,60,90,75,90,450
56,"#050
",Ground,Ground,"Diglett
",10,55,25,35,45,95,265
57,"#050
",Ground,Ground,"Diglett
",10,55,25,35,45,95,265
58,"#051
",Ground,Ground,"Dugtrio
",35,100,50,50,70,120,425
59,"#051
",Ground,Ground,"Dugtrio
",35,100,50,50,70,120,425
60,"#052
",Normal,Fire,"Meowth
",40,45,35,40,40,90,290
61,"#052
",Normal,Fire,"Meowth
",40,45,35,40,40,90,290
62,"#052
",Normal,Fire,"Meowth
",40,45,35,40,40,90,290
63,"#053
",Normal,Dark,"Persian
",65,70,60,65,65,115,440
64,"#053
",Normal,Dark,"Persian
",65,70,60,65,65,115,440
65,"#054
",Water,Water,"Psyduck
",50,52,48,65,50,55,320
66,"#055
",Water,Water,"Golduck
",80,82,78,95,80,85,500
67,"#056
",Fighting,Fighting,"Mankey
",40,80,35,35,45,70,305
68,"#057
",Fighting,Fighting,"Primeape
",65,105,60,60,70,95,455
69,"#058
",Fire,Fire,"Growlithe
",55,70,45,70,50,60,350
70,"#058
",Fire,Fire,"Growlithe
",55,70,45,70,50,60,350
71,"#059
",Fire,Fire,"Arcanine
",90,110,80,100,80,95,555
72,"#059
",Fire,Fire,"Arcanine
",90,110,80,100,80,95,555
73,"#060
",Water,Water,"Poliwag
",40,50,40,40,40,90,300
74,"#061
",Water,Water,"Poliwhirl
",65,65,65,50,50,90,385
75,"#062
",Water,Fighting,"Poliwrath
",90,95,95,70,90,70,510
76,"#063
",Psychic,Psychic,"Abra
",25,20,15,105,55,90,310
77,"#064
",Psychic,Psychic,"Kadabra
",40,35,30,120,70,105,400
78,"#065
",Psychic,Psychic,"Alakazam
",55,50,45,135,95,120,500
79,"#066
",Fighting,Fighting,"Machop
",70,80,50,35,35,35,305
80,"#067
",Fighting,Fighting,"Machoke
",80,100,70,50,60,45,405
81,"#068
",Fighting,Fighting,"Machamp
",90,130,80,65,85,55,505
82,"#069
",Grass,Poison,"Bellsprout
",50,75,35,70,30,40,300
83,"#070
",Grass,Poison,"Weepinbell
",65,90,50,85,45,55,390
84,"#071
",Grass,Poison,"Victreebel
",80,105,65,100,70,70,490
85,"#072
",Water,Poison,"Tentacool
",40,40,35,50,100,70,335
86,"#073
",Water,Poison,"Tentacruel
",80,70,65,80,120,100,515
87,"#074
",Rock,Ground,"Geodude
",40,80,100,30,30,20,300
88,"#074
",Rock,Ground,"Geodude
",40,80,100,30,30,20,300
89,"#075
",Rock,Ground,"Graveler
",55,95,115,45,45,35,390
90,"#075
",Rock,Ground,"Graveler
",55,95,115,45,45,35,390
91,"#076
",Rock,Ground,"Golem
",80,120,130,55,65,45,495
92,"#076
",Rock,Ground,"Golem
",80,120,130,55,65,45,495
93,"#077
",Fire,Psychic,"Ponyta
",50,85,55,65,65,90,410
94,"#077
",Fire,Psychic,"Ponyta
",50,85,55,65,65,90,410
95,"#078
",Fire,Psychic,"Rapidash
",65,100,70,80,80,105,500
96,"#078
",Fire,Psychic,"Rapidash
",65,100,70,80,80,105,500
97,"#079
",Water,Psychic,"Slowpoke
",90,65,65,40,40,15,315
98,"#079
",Water,Psychic,"Slowpoke
",90,65,65,40,40,15,315
99,"#080
",Water,Psychic,"Slowbro
",95,75,110,100,80,30,490
100,"#080
",Water,Psychic,"Slowbro
",95,75,110,100,80,30,490
101,"#081
",Electric,Steel,"Magnemite
",25,35,70,95,55,45,325
102,"#083
",Normal,Flying,"Farfetch'd
",52,90,55,58,62,60,377
103,"#083
",Normal,Flying,"Farfetch'd
",52,90,55,58,62,60,377
104,"#084
",Normal,Flying,"Doduo
",35,85,45,35,35,75,310
105,"#085
",Normal,Flying,"Dodrio
",60,110,70,60,60,110,470
106,"#086
",Water,Water,"Seel
",65,45,55,45,70,45,325
107,"#087
",Water,Ice,"Dewgong
",90,70,80,70,95,70,475
108,"#088
",Poison,Poison,"Grimer
",80,80,50,40,50,25,325
109,"#088
",Poison,Poison,"Grimer
",80,80,50,40,50,25,325
110,"#089
",Poison,Poison,"Muk
",105,105,75,65,100,50,500
111,"#089
",Poison,Poison,"Muk
",105,105,75,65,100,50,500
112,"#090
",Water,Water,"Shellder
",30,65,100,45,25,40,305
113,"#091
",Water,Ice,"Cloyster
",50,95,180,85,45,70,525
114,"#092
",Ghost,Poison,"Gastly
",30,35,30,100,35,80,310
115,"#093
",Ghost,Poison,"Haunter
",45,50,45,115,55,95,405
116,"#094
",Ghost,Poison,"Gengar
",60,65,60,130,75,110,500
117,"#095
",Rock,Ground,"Onix
",35,45,160,30,45,70,385
118,"#096
",Psychic,Psychic,"Drowzee
",60,48,45,43,90,42,328
119,"#097
",Psychic,Psychic,"Hypno
",85,73,70,73,115,67,483
120,"#098
",Water,Water,"Krabby
",30,105,90,25,25,50,325
121,"#099
",Water,Water,"Kingler
",55,130,115,50,50,75,475
122,"#100
",Electric,Electric,"Voltorb
",40,30,50,55,55,100,330
123,"#100
",Electric,Electric,"Voltorb
",40,30,50,55,55,100,330
124,"#101
",Electric,Electric,"Electrode
",60,50,70,80,80,150,490
125,"#101
",Electric,Electric,"Electrode
",60,50,70,80,80,150,490
126,"#102
",Grass,Psychic,"Exeggcute
",60,40,80,60,45,40,325
127,"#103
",Grass,Psychic,"Exeggutor
",95,95,85,125,75,55,530
128,"#103
",Grass,Psychic,"Exeggutor
",95,95,85,125,75,55,530
129,"#104
",Ground,Ground,"Cubone
",50,50,95,40,50,35,320
130,"#105
",Ground,Fire,"Marowak
",60,80,110,50,80,45,425
131,"#105
",Ground,Fire,"Marowak
",60,80,110,50,80,45,425
132,"#106
",Fighting,Fighting,"Hitmonlee
",50,120,53,35,110,87,455
133,"#107
",Fighting,Fighting,"Hitmonchan
",50,105,79,35,110,76,455
134,"#108
",Normal,Normal,"Lickitung
",90,55,75,60,75,30,385
135,"#109
",Poison,Poison,"Koffing
",40,65,95,60,45,35,340
136,"#110
",Poison,Poison,"Weezing
",65,90,120,85,70,60,490
137,"#110
",Poison,Poison,"Weezing
",65,90,120,85,70,60,490
138,"#111
",Ground,Rock,"Rhyhorn
",80,85,95,30,30,25,345
139,"#112
",Ground,Rock,"Rhydon
",105,130,120,45,45,40,485
140,"#113
",Normal,Normal,"Chansey
",250,5,5,35,105,50,450
141,"#114
",Grass,Grass,"Tangela
",65,55,115,100,40,60,435
142,"#115
",Normal,Normal,"Kangaskhan
",105,95,80,40,80,90,490
143,"#116
",Water,Water,"Horsea
",30,40,70,70,25,60,295
144,"#117
",Water,Water,"Seadra
",55,65,95,95,45,85,440
145,"#118
",Water,Water,"Goldeen
",45,67,60,35,50,63,320
146,"#119
",Water,Water,"Seaking
",80,92,65,65,80,68,450
147,"#120
",Water,Water,"Staryu
",30,45,55,70,55,85,340
148,"#121
",Water,Psychic,"Starmie
",60,75,85,100,85,115,520
149,"#122
",Psychic,Fairy,Mr.,40,45,65,100,120,90,460
150,"#122
",Psychic,Fairy,Mr.,40,45,65,100,120,90,460
151,"#123
",Bug,Flying,"Scyther
",70,110,80,55,80,105,500
152,"#124
",Ice,Psychic,"Jynx
",65,50,35,115,95,95,455
153,"#125
",Electric,Electric,"Electabuzz
",65,83,57,95,85,105,490
154,"#126
",Fire,Fire,"Magmar
",65,95,57,100,85,93,495
155,"#127
",Bug,Bug,"Pinsir
",65,125,100,55,70,85,500
156,"#128
",Normal,Fighting,"Tauros
",75,100,95,40,70,110,490
157,"#128
",Normal,Fighting,"Tauros
",75,100,95,40,70,110,490
158,"#128
",Normal,Fighting,"Tauros
",75,100,95,40,70,110,490
159,"#128
",Normal,Fighting,"Tauros
",75,100,95,40,70,110,490
160,"#129
",Water,Water,"Magikarp
",20,10,55,15,20,80,200
161,"#130
",Water,Flying,"Gyarados
",95,125,79,60,100,81,540
162,"#131
",Water,Ice,"Lapras
",130,85,80,85,95,60,535
163,"#132
",Normal,-,"Ditto
",48,48,48,48,48,48,288
164,"#133
",Normal,Normal,"Eevee
",55,55,50,45,65,55,325
165,"#134
",Water,Normal,"Vaporeon
",130,65,60,110,95,65,525
166,"#135
",Electric,Normal,"Jolteon
",65,65,60,110,95,130,525
167,"#136
",Fire,Normal,"Flareon
",65,130,60,95,110,65,525
168,"#137
",Normal,Normal,"Porygon
",65,60,70,85,75,40,395
169,"#138
",Rock,Water,"Omanyte
",35,40,100,90,55,35,355
170,"#140
",Rock,Water,"Kabuto
",30,80,90,55,45,55,355
171,"#141
",Rock,Water,"Kabutops
",60,115,105,65,70,80,495
172,"#142
",Rock,Flying,"Aerodactyl
",80,105,65,60,75,130,515
173,"#143
",Normal,Normal,"Snorlax
",160,110,65,65,110,30,540
174,"#144
",Ice,Flying,"Articuno
",90,85,100,95,125,85,580
175,"#144
",Ice,Flying,"Articuno
",90,85,100,95,125,85,580
176,"#145
",Electric,Flying,"Zapdos
",90,90,85,125,90,100,580
177,"#145
",Electric,Flying,"Zapdos
",90,90,85,125,90,100,580
178,"#146
",Fire,Flying,"Moltres
",90,100,90,125,85,90,580
179,"#146
",Fire,Flying,"Moltres
",90,100,90,125,85,90,580
180,"#147
",Dragon,Dragon,"Dratini
",41,64,45,50,50,50,300
181,"#148
",Dragon,Normal,"Dragonair
",61,84,65,70,70,70,420
182,"#149
",Dragon,Flying,"Dragonite
",91,134,95,100,100,80,600
183,"#150
",Psychic,Psychic,"Mewtwo
",106,110,90,154,90,130,680
184,"#151
",Psychic,-,"Mew
",100,100,100,100,100,100,600
185,"#152
",Grass,Grass,"Chikorita
",45,49,65,49,65,45,318
186,"#153
",Grass,Grass,"Bayleef
",60,62,80,63,80,60,405
187,"#154
",Grass,Grass,"Meganium
",80,82,100,83,100,80,525
188,"#155
",Fire,Psychic,"Cyndaquil
",39,52,43,60,50,65,309
189,"#156
",Fire,Fire,"Quilava
",58,64,58,80,65,80,405
190,"#157
",Fire,Fire,"Typhlosion
",78,84,78,109,85,100,534
191,"#157
",Fire,Fire,"Typhlosion
",78,84,78,109,85,100,534
192,"#158
",Water,Normal,"Totodile
",50,65,64,44,48,43,314
193,"#159
",Water,Water,"Croconaw
",65,80,80,59,63,58,405
194,"#160
",Water,Water,"Feraligatr
",85,105,100,79,83,78,530
195,"#161
",Normal,Normal,"Sentret
",35,46,34,35,45,20,215
196,"#162
",Normal,Normal,"Furret
",85,76,64,45,55,90,415
197,"#163
",Normal,Flying,"Hoothoot
",60,30,30,36,56,50,262
198,"#164
",Normal,Flying,"Noctowl
",100,50,50,86,96,70,452
199,"#165
",Bug,Flying,"Ledyba
",40,20,30,40,80,55,265
200,"#166
",Bug,Flying,"Ledian
",55,35,50,55,110,85,390
201,"#167
",Bug,Poison,"Spinarak
",40,60,40,40,40,30,250
202,"#168
",Bug,Poison,"Ariados
",70,90,70,60,70,40,400
203,"#169
",Poison,Flying,"Crobat
",85,90,80,70,80,130,535
204,"#170
",Water,Electric,"Chinchou
",75,38,38,56,56,67,330
205,"#171
",Water,Electric,"Lanturn
",125,58,58,76,76,67,460
206,"#172
",Electric,Electric,"Pichu
",20,40,15,35,35,60,205
207,"#173
",Fairy,Fairy,"Cleffa
",50,25,28,45,55,15,218
208,"#174
",Normal,Fairy,"Igglybuff
",90,30,15,40,20,15,210
209,"#175
",Fairy,Fairy,"Togepi
",35,20,65,40,65,20,245
210,"#176
",Fairy,Flying,"Togetic
",55,40,85,80,105,40,405
211,"#177
",Psychic,Flying,"Natu
",40,50,45,70,45,70,320
212,"#178
",Psychic,Flying,"Xatu
",65,75,70,95,70,95,470
213,"#179
",Electric,Electric,"Mareep
",55,40,40,65,45,35,280
214,"#180
",Electric,Electric,"Flaaffy
",70,55,55,80,60,45,365
215,"#181
",Electric,Electric,"Ampharos
",90,75,85,115,90,55,510
216,"#182
",Grass,Grass,"Bellossom
",75,80,95,90,100,50,490
217,"#183
",Water,Fairy,"Marill
",70,20,50,20,50,40,250
218,"#184
",Water,Fairy,"Azumarill
",100,50,80,60,80,50,420
219,"#185
",Rock,Rock,"Sudowoodo
",70,100,115,30,65,30,410
220,"#186
",Water,Fighting,"Politoed
",90,75,75,90,100,70,500
221,"#187
",Grass,Flying,"Hoppip
",35,35,40,35,55,50,250
222,"#188
",Grass,Flying,"Skiploom
",55,45,50,45,65,80,340
223,"#189
",Grass,Flying,"Jumpluff
",75,55,70,55,95,110,460
224,"#190
",Normal,Normal,"Aipom
",55,70,55,40,55,85,360
225,"#191
",Grass,Grass,"Sunkern
",30,30,30,30,30,30,180
226,"#192
",Grass,Grass,"Sunflora
",75,75,55,105,85,30,425
227,"#193
",Bug,Flying,"Yanma
",65,65,45,75,45,95,390
228,"#194
",Water,Ground,"Wooper
",55,45,45,25,25,15,210
229,"#194
",Water,Ground,"Wooper
",55,45,45,25,25,15,210
230,"#195
",Water,Ground,"Quagsire
",95,85,85,65,65,35,430
231,"#196
",Psychic,Normal,"Espeon
",65,65,60,130,95,110,525
232,"#197
",Dark,Psychic,"Umbreon
",95,65,110,60,130,65,525
233,"#198
",Dark,Flying,"Murkrow
",60,85,42,85,42,91,405
234,"#199
",Water,Psychic,"Slowking
",95,75,80,100,110,30,490
235,"#199
",Water,Psychic,"Slowking
",95,75,80,100,110,30,490
236,"#200
",Ghost,Ghost,"Misdreavus
",60,60,60,85,85,85,435
237,"#201
",Psychic,Psychic,"Unown
",48,72,48,72,48,48,336
238,"#202
",Psychic,Normal,"Wobbuffet
",190,33,58,33,58,33,405
239,"#203
",Normal,Psychic,"Girafarig
",70,80,65,90,65,85,455
240,"#204
",Bug,Bug,"Pineco
",50,65,90,35,35,15,290
241,"#205
",Bug,Steel,"Forretress
",75,90,140,60,60,40,465
242,"#206
",Normal,Normal,"Dunsparce
",100,70,70,65,65,45,415
243,"#207
",Ground,Flying,"Gligar
",65,75,105,35,65,85,430
244,"#208
",Steel,Ground,"Steelix
",75,85,200,55,65,30,510
245,"#209
",Fairy,Fairy,"Snubbull
",60,80,50,40,40,30,300
246,"#210
",Fairy,Fairy,"Granbull
",90,120,75,60,60,45,450
247,"#211
",Water,Poison,"Qwilfish
",65,95,85,55,55,85,440
248,"#211
",Water,Poison,"Qwilfish
",65,95,85,55,55,85,440
249,"#212
",Bug,Steel,"Scizor
",70,130,100,55,80,65,500
250,"#213
",Bug,Rock,"Shuckle
",20,10,230,10,230,5,505
251,"#215
",Dark,Ice,"Sneasel
",55,95,55,35,75,115,430
252,"#215
",Dark,Ice,"Sneasel
",55,95,55,35,75,115,430
253,"#216
",Normal,Normal,"Teddiursa
",60,80,50,50,50,40,330
254,"#217
",Normal,Normal,"Ursaring
",90,130,75,75,75,55,500
255,"#218
",Fire,Fire,"Slugma
",40,40,40,70,40,20,250
256,"#219
",Fire,Rock,"Magcargo
",60,50,120,90,80,30,430
257,"#220
",Ice,Ground,"Swinub
",50,50,40,30,30,50,250
258,"#221
",Ice,Ground,"Piloswine
",100,100,80,60,60,50,450
259,"#222
",Water,Rock,"Corsola
",65,55,95,65,95,35,410
260,"#222
",Water,Rock,"Corsola
",65,55,95,65,95,35,410
261,"#223
",Water,Water,"Remoraid
",35,65,35,65,35,65,300
262,"#224
",Water,Water,"Octillery
",75,105,75,105,75,45,480
263,"#225
",Ice,Flying,"Delibird
",45,55,45,65,45,75,330
264,"#226
",Water,Flying,"Mantine
",85,40,70,80,140,70,485
265,"#227
",Steel,Flying,"Skarmory
",65,80,140,40,70,70,465
266,"#228
",Dark,Fire,"Houndour
",45,60,30,80,50,65,330
267,"#229
",Dark,Fire,"Houndoom
",75,90,50,110,80,95,500
268,"#230
",Water,Dragon,"Kingdra
",75,95,95,95,95,85,540
269,"#231
",Ground,Ground,"Phanpy
",90,60,60,40,40,40,330
270,"#232
",Ground,Ground,"Donphan
",90,120,120,60,60,50,500
271,"#233
",Normal,Normal,"Porygon2
",85,80,90,105,95,60,515
272,"#234
",Normal,Normal,"Stantler
",73,95,62,85,65,85,465
273,"#235
",Normal,-,"Smeargle
",55,20,35,20,45,75,250
274,"#236
",Fighting,Fire,"Tyrogue
",35,35,35,35,35,35,210
275,"#237
",Fighting,Fighting,"Hitmontop
",50,95,95,35,110,70,455
276,"#238
",Ice,Psychic,"Smoochum
",45,30,15,85,65,65,305
277,"#239
",Electric,Electric,"Elekid
",45,63,37,65,55,95,360
278,"#240
",Fire,Fire,"Magby
",45,75,37,70,55,83,365
279,"#241
",Normal,-,"Miltank
",95,80,105,40,70,100,490
280,"#242
",Normal,Normal,"Blissey
",255,10,10,75,135,55,540
281,"#243
",Electric,-,"Raikou
",90,85,75,115,100,115,580
282,"#244
",Fire,-,"Entei
",115,115,85,90,75,100,580
283,"#245
",Water,-,"Suicune
",100,75,115,90,115,85,580
284,"#246
",Rock,Ground,"Larvitar
",50,64,50,45,50,41,300
285,"#247
",Rock,Ground,"Pupitar
",70,84,70,65,70,51,410
286,"#248
",Rock,Dark,"Tyranitar
",100,134,110,95,100,61,600
287,"#249
",Psychic,Flying,"Lugia
",106,90,130,90,154,110,680
288,"#250
",Fire,Flying,"Ho-Oh
",106,130,90,110,154,90,680
289,"#251
",Psychic,Grass,"Celebi
",100,100,100,100,100,100,600
290,"#252
",Grass,Grass,"Treecko
",40,45,35,65,55,70,310
291,"#253
",Grass,Grass,"Grovyle
",50,65,45,85,65,95,405
292,"#254
",Grass,Grass,"Sceptile
",70,85,65,105,85,120,530
293,"#255
",Fire,Fire,"Torchic
",45,60,40,70,50,45,310
294,"#256
",Fire,Fighting,"Combusken
",60,85,60,85,60,55,405
295,"#257
",Fire,Fighting,"Blaziken
",80,120,70,110,70,80,530
296,"#258
",Water,Water,"Mudkip
",50,70,50,50,50,40,310
297,"#259
",Water,Ground,"Marshtomp
",70,85,70,60,70,50,405
298,"#260
",Water,Ground,"Swampert
",100,110,90,85,90,60,535
299,"#261
",Dark,Dark,"Poochyena
",35,55,35,30,30,35,220
300,"#262
",Dark,Dark,"Mightyena
",70,90,70,60,60,70,420
301,"#263
",Normal,Dark,"Zigzagoon
",38,30,41,30,41,60,240
302,"#263
",Normal,Dark,"Zigzagoon
",38,30,41,30,41,60,240
303,"#264
",Normal,Dark,"Linoone
",78,70,61,50,61,100,420
304,"#264
",Normal,Dark,"Linoone
",78,70,61,50,61,100,420
305,"#265
",Bug,Bug,"Wurmple
",45,45,35,20,30,20,195
306,"#266
",Bug,Bug,"Silcoon
",50,35,55,25,25,15,205
307,"#267
",Bug,Flying,"Beautifly
",60,70,50,100,50,65,395
308,"#268
",Bug,Bug,"Cascoon
",50,35,55,25,25,15,205
309,"#269
",Bug,Poison,"Dustox
",60,50,70,50,90,65,385
310,"#270
",Water,Grass,"Lotad
",40,30,30,40,50,30,220
311,"#271
",Water,Grass,"Lombre
",60,50,50,60,70,50,340
312,"#272
",Water,Grass,"Ludicolo
",80,70,70,90,100,70,480
313,"#273
",Grass,Grass,"Seedot
",40,40,50,30,30,30,220
314,"#274
",Grass,Dark,"Nuzleaf
",70,70,40,60,40,60,340
315,"#275
",Grass,Dark,"Shiftry
",90,100,60,90,60,80,480
316,"#276
",Normal,Flying,"Taillow
",40,55,30,30,30,85,270
317,"#277
",Normal,Flying,"Swellow
",60,85,60,75,50,125,455
318,"#278
",Water,Flying,"Wingull
",40,30,30,55,30,85,270
319,"#279
",Water,Flying,"Pelipper
",60,50,100,95,70,65,440
320,"#280
",Psychic,Fairy,"Ralts
",28,25,25,45,35,40,198
321,"#281
",Psychic,Fairy,"Kirlia
",38,35,35,65,55,50,278
322,"#282
",Psychic,Fairy,"Gardevoir
",68,65,65,125,115,80,518
323,"#283
",Bug,Water,"Surskit
",40,30,32,50,52,65,269
324,"#284
",Bug,Flying,"Masquerain
",70,60,62,100,82,80,454
325,"#285
",Grass,Grass,"Shroomish
",60,40,60,40,60,35,295
326,"#286
",Grass,Fighting,"Breloom
",60,130,80,60,60,70,460
327,"#287
",Normal,Normal,"Slakoth
",60,60,60,35,35,30,280
328,"#288
",Normal,Normal,"Vigoroth
",80,80,80,55,55,90,440
329,"#289
",Normal,Normal,"Slaking
",150,160,100,95,65,100,670
330,"#290
",Bug,Ground,"Nincada
",31,45,90,30,30,40,266
331,"#291
",Bug,Flying,"Ninjask
",61,90,45,50,50,160,456
332,"#292
",Bug,Ghost,"Shedinja
",1,90,45,30,30,40,236
333,"#293
",Normal,Normal,"Whismur
",64,51,23,51,23,28,240
334,"#294
",Normal,Normal,"Loudred
",84,71,43,71,43,48,360
335,"#295
",Normal,Normal,"Exploud
",104,91,63,91,73,68,490
336,"#296
",Fighting,Fighting,"Makuhita
",72,60,30,20,30,25,237
337,"#297
",Fighting,Fighting,"Hariyama
",144,120,60,40,60,50,474
338,"#298
",Normal,Fairy,"Azurill
",50,20,40,20,40,20,190
339,"#299
",Rock,Rock,"Nosepass
",30,45,135,45,90,30,375
340,"#300
",Normal,Normal,"Skitty
",50,45,45,35,35,50,260
341,"#301
",Normal,Normal,"Delcatty
",70,65,65,55,55,90,400
342,"#302
",Dark,Ghost,"Sableye
",50,75,75,65,65,50,380
343,"#303
",Steel,Fairy,"Mawile
",50,85,85,55,55,50,380
344,"#304
",Steel,Rock,"Aron
",50,70,100,40,40,30,330
345,"#305
",Steel,Rock,"Lairon
",60,90,140,50,50,40,430
346,"#307
",Fighting,Psychic,"Meditite
",30,40,55,40,55,60,280
347,"#308
",Fighting,Psychic,"Medicham
",60,60,75,60,75,80,410
348,"#309
",Electric,Electric,"Electrike
",40,45,40,65,40,65,295
349,"#310
",Electric,Electric,"Manectric
",70,75,60,105,60,105,475
350,"#311
",Electric,-,"Plusle
",60,50,40,85,75,95,405
351,"#312
",Electric,-,"Minun
",60,40,50,75,85,95,405
352,"#313
",Bug,-,"Volbeat
",65,73,75,47,85,85,430
353,"#314
",Bug,-,"Illumise
",65,47,75,73,85,85,430
354,"#315
",Grass,Poison,"Roselia
",50,60,45,100,80,65,400
355,"#316
",Poison,Water,"Gulpin
",70,43,53,43,53,40,302
356,"#317
",Poison,Poison,"Swalot
",100,73,83,73,83,55,467
357,"#318
",Water,Dark,"Carvanha
",45,90,20,65,20,65,305
358,"#319
",Water,Dark,"Sharpedo
",70,120,40,95,40,95,460
359,"#320
",Water,Water,"Wailmer
",130,70,35,70,35,60,400
360,"#321
",Water,Water,"Wailord
",170,90,45,90,45,60,500
361,"#322
",Fire,Ground,"Numel
",60,60,40,65,45,35,305
362,"#323
",Fire,Ground,"Camerupt
",70,100,70,105,75,40,460
363,"#324
",Fire,-,"Torkoal
",70,85,140,85,70,20,470
364,"#325
",Psychic,Psychic,"Spoink
",60,25,35,70,80,60,330
365,"#326
",Psychic,Psychic,"Grumpig
",80,45,65,90,110,80,470
366,"#327
",Normal,-,"Spinda
",60,60,60,60,60,60,360
367,"#328
",Ground,Ground,"Trapinch
",45,100,45,45,45,10,290
368,"#330
",Ground,Dragon,"Flygon
",80,100,80,80,80,100,520
369,"#333
",Normal,Flying,"Swablu
",45,40,60,40,75,50,310
370,"#334
",Dragon,Flying,"Altaria
",75,70,90,70,105,80,490
371,"#335
",Normal,-,"Zangoose
",73,115,60,60,60,90,458
372,"#336
",Poison,-,"Seviper
",73,100,60,100,60,65,458
373,"#337
",Rock,Psychic,"Lunatone
",90,55,65,95,85,70,460
374,"#338
",Rock,Psychic,"Solrock
",90,95,85,55,65,70,460
375,"#339
",Water,Ground,"Barboach
",50,48,43,46,41,60,288
376,"#340
",Water,Ground,"Whiscash
",110,78,73,76,71,60,468
377,"#341
",Water,Water,"Corphish
",43,80,65,50,35,35,308
378,"#342
",Water,Dark,"Crawdaunt
",63,120,85,90,55,55,468
379,"#343
",Ground,Psychic,"Baltoy
",40,40,55,40,70,55,300
380,"#344
",Ground,Psychic,"Claydol
",60,70,105,70,120,75,500
381,"#345
",Rock,Grass,"Lileep
",66,41,77,61,87,23,355
382,"#346
",Rock,Grass,"Cradily
",86,81,97,81,107,43,495
383,"#347
",Rock,Bug,"Anorith
",45,95,50,40,50,75,355
384,"#348
",Rock,Bug,"Armaldo
",75,125,100,70,80,45,495
385,"#349
",Water,Water,"Feebas
",20,15,20,10,55,80,200
386,"#350
",Water,Water,"Milotic
",95,60,79,100,125,81,540
387,"#351
",Normal,Fire,"Castform
",70,70,70,70,70,70,420
388,"#352
",Normal,-,"Kecleon
",60,90,70,60,120,40,440
389,"#353
",Ghost,Ghost,"Shuppet
",44,75,35,63,33,45,295
390,"#354
",Ghost,Ghost,"Banette
",64,115,65,83,63,65,455
391,"#355
",Ghost,Ghost,"Duskull
",20,40,90,30,90,25,295
392,"#356
",Ghost,Ghost,"Dusclops
",40,70,130,60,130,25,455
393,"#357
",Grass,Flying,"Tropius
",99,68,83,72,87,51,460
394,"#358
",Psychic,Normal,"Chimecho
",75,50,80,95,90,65,455
395,"#359
",Dark,Dark,"Absol
",65,130,60,75,60,75,465
396,"#360
",Psychic,Psychic,"Wynaut
",95,23,48,23,48,23,260
397,"#361
",Ice,Ice,"Snorunt
",50,50,50,50,50,50,300
398,"#362
",Ice,Ice,"Glalie
",80,80,80,80,80,80,480
399,"#363
",Ice,Water,"Spheal
",70,40,50,55,50,25,290
400,"#364
",Ice,Water,"Sealeo
",90,60,70,75,70,45,410
401,"#365
",Ice,Water,"Walrein
",110,80,90,95,90,65,530
402,"#366
",Water,Water,"Clamperl
",35,64,85,74,55,32,345
403,"#367
",Water,Water,"Huntail
",55,104,105,94,75,52,485
404,"#368
",Water,Water,"Gorebyss
",55,84,105,114,75,52,485
405,"#369
",Water,Rock,"Relicanth
",100,90,130,45,65,55,485
406,"#370
",Water,-,"Luvdisc
",43,30,55,40,65,97,330
407,"#371
",Dragon,Dragon,"Bagon
",45,75,60,40,30,50,300
408,"#372
",Dragon,Dragon,"Shelgon
",65,95,100,60,50,50,420
409,"#373
",Dragon,Flying,"Salamence
",95,135,80,110,80,100,600
410,"#374
",Steel,Psychic,"Beldum
",40,55,80,35,60,30,300
411,"#375
",Steel,Psychic,"Metang
",60,75,100,55,80,50,420
412,"#376
",Steel,Psychic,"Metagross
",80,135,130,95,90,70,600
413,"#377
",Rock,-,"Regirock
",80,100,200,50,100,50,580
414,"#378
",Ice,-,"Regice
",80,50,100,100,200,50,580
415,"#380
",Dragon,Psychic,"Latias
",80,80,90,110,130,110,600
416,"#381
",Dragon,Psychic,"Latios
",80,90,80,130,110,110,600
417,"#382
",Water,Water,"Kyogre
",100,100,90,150,140,90,670
418,"#383
",Ground,Ground,"Groudon
",100,150,140,100,90,90,670
419,"#384
",Dragon,Flying,"Rayquaza
",105,150,90,150,90,95,680
420,"#385
",Steel,Psychic,"Jirachi
",100,100,100,100,100,100,600
421,"#387
",Grass,Grass,"Turtwig
",55,68,64,45,55,31,318
422,"#388
",Grass,Grass,"Grotle
",75,89,85,55,65,36,405
423,"#389
",Grass,Ground,"Torterra
",95,109,105,75,85,56,525
424,"#390
",Fire,Fire,"Chimchar
",44,58,44,58,44,61,309
425,"#391
",Fire,Fighting,"Monferno
",64,78,52,78,52,81,405
426,"#392
",Fire,Fighting,"Infernape
",76,104,71,104,71,108,534
427,"#393
",Water,Water,"Piplup
",53,51,53,61,56,40,314
428,"#394
",Water,Water,"Prinplup
",64,66,68,81,76,50,405
429,"#395
",Water,Steel,"Empoleon
",84,86,88,111,101,60,530
430,"#396
",Normal,Flying,"Starly
",40,55,30,30,30,60,245
431,"#397
",Normal,Flying,"Staravia
",55,75,50,40,40,80,340
432,"#398
",Normal,Flying,"Staraptor
",85,120,70,50,60,100,485
433,"#399
",Normal,Normal,"Bidoof
",59,45,40,35,40,31,250
434,"#400
",Normal,Water,"Bibarel
",79,85,60,55,60,71,410
435,"#401
",Bug,Normal,"Kricketot
",37,25,41,25,41,25,194
436,"#402
",Bug,Grass,"Kricketune
",77,85,51,55,51,65,384
437,"#403
",Electric,Electric,"Shinx
",45,65,34,40,34,45,263
438,"#404
",Electric,Electric,"Luxio
",60,85,49,60,49,60,363
439,"#405
",Electric,Electric,"Luxray
",80,120,79,95,79,70,523
440,"#406
",Grass,Poison,"Budew
",40,30,35,50,70,55,280
441,"#407
",Grass,Poison,"Roserade
",60,70,65,125,105,90,515
442,"#408
",Rock,Rock,"Cranidos
",67,125,40,30,30,58,350
443,"#409
",Rock,Rock,"Rampardos
",97,165,60,65,50,58,495
444,"#410
",Rock,Steel,"Shieldon
",30,42,118,42,88,30,350
445,"#411
",Rock,Steel,"Bastiodon
",60,52,168,47,138,30,495
446,"#412
",Bug,Bug,"Burmy
",40,29,45,29,45,36,224
447,"#413
",Bug,Grass,"Wormadam
",60,59,85,79,105,36,424
448,"#414
",Bug,Flying,"Mothim
",70,94,50,94,50,66,424
449,"#415
",Bug,Flying,"Combee
",30,30,42,30,42,70,244
450,"#416
",Bug,Flying,"Vespiquen
",70,80,102,80,102,40,474
451,"#417
",Electric,-,"Pachirisu
",60,45,70,45,90,95,405
452,"#418
",Water,Water,"Buizel
",55,65,35,60,30,85,330
453,"#419
",Water,Water,"Floatzel
",85,105,55,85,50,115,495
454,"#420
",Grass,Grass,"Cherubi
",45,35,45,62,53,35,275
455,"#421
",Grass,Grass,"Cherrim
",70,60,70,87,78,85,450
456,"#422
",Water,Water,"Shellos
",76,48,48,57,62,34,325
457,"#423
",Water,Ground,"Gastrodon
",111,83,68,92,82,39,475
458,"#424
",Normal,Normal,"Ambipom
",75,100,66,60,66,115,482
459,"#425
",Ghost,Flying,"Drifloon
",90,50,34,60,44,70,348
460,"#426
",Ghost,Flying,"Drifblim
",150,80,44,90,54,80,498
461,"#427
",Normal,Normal,"Buneary
",55,66,44,44,56,85,350
462,"#428
",Normal,Normal,"Lopunny
",65,76,84,54,96,105,480
463,"#429
",Ghost,Ghost,"Mismagius
",60,60,60,105,105,105,495
464,"#430
",Dark,Flying,"Honchkrow
",100,125,52,105,52,71,505
465,"#431
",Normal,Normal,"Glameow
",49,55,42,42,37,85,310
466,"#432
",Normal,Normal,"Purugly
",71,82,64,64,59,112,452
467,"#433
",Psychic,Normal,"Chingling
",45,30,50,65,50,45,285
468,"#434
",Poison,Dark,"Stunky
",63,63,47,41,41,74,329
469,"#435
",Poison,Dark,"Skuntank
",103,93,67,71,61,84,479
470,"#436
",Steel,Psychic,"Bronzor
",57,24,86,24,86,23,300
471,"#437
",Steel,Psychic,"Bronzong
",67,89,116,79,116,33,500
472,"#438
",Rock,Rock,"Bonsly
",50,80,95,10,45,10,290
473,"#439
",Psychic,Fairy,Mime,20,25,45,70,90,60,310
474,"#440
",Normal,Normal,"Happiny
",100,5,5,15,65,30,220
475,"#441
",Normal,Flying,"Chatot
",76,65,45,92,42,91,411
476,"#442
",Ghost,Dark,"Spiritomb
",50,92,108,92,108,35,485
477,"#443
",Dragon,Ground,"Gible
",58,70,45,40,45,42,300
478,"#444
",Dragon,Ground,"Gabite
",68,90,65,50,55,82,410
479,"#445
",Dragon,Ground,"Garchomp
",108,130,95,80,85,102,600
480,"#446
",Normal,Normal,"Munchlax
",135,85,40,40,85,5,390
481,"#447
",Fighting,Fighting,"Riolu
",40,70,40,35,40,60,285
482,"#448
",Fighting,Steel,"Lucario
",70,110,70,115,70,90,525
483,"#449
",Ground,Ground,"Hippopotas
",68,72,78,38,42,32,330
484,"#450
",Ground,Ground,"Hippowdon
",108,112,118,68,72,47,525
485,"#451
",Poison,Bug,"Skorupi
",40,50,90,30,55,65,330
486,"#452
",Poison,Dark,"Drapion
",70,90,110,60,75,95,500
487,"#453
",Poison,Fighting,"Croagunk
",48,61,40,61,40,50,300
488,"#454
",Poison,Fighting,"Toxicroak
",83,106,65,86,65,85,490
489,"#455
",Grass,-,"Carnivine
",74,100,72,90,72,46,454
490,"#456
",Water,Water,"Finneon
",49,49,56,49,61,66,330
491,"#457
",Water,Water,"Lumineon
",69,69,76,69,86,91,460
492,"#458
",Water,Flying,"Mantyke
",45,20,50,60,120,50,345
493,"#459
",Grass,Ice,"Snover
",60,62,50,62,60,40,334
494,"#460
",Grass,Ice,"Abomasnow
",90,92,75,92,85,60,494
495,"#461
",Dark,Ice,"Weavile
",70,120,65,45,85,125,510
496,"#462
",Electric,Steel,"Magnezone
",70,70,115,130,90,60,535
497,"#463
",Normal,Normal,"Lickilicky
",110,85,95,80,95,50,515
498,"#464
",Ground,Rock,"Rhyperior
",115,140,130,55,55,40,535
499,"#465
",Grass,Grass,"Tangrowth
",100,100,125,110,50,50,535
500,"#466
",Electric,Electric,"Electivire
",75,123,67,95,85,95,540
501,"#467
",Fire,Fire,"Magmortar
",75,95,67,125,95,83,540
502,"#468
",Fairy,Flying,"Togekiss
",85,50,95,120,115,80,545
503,"#469
",Bug,Flying,"Yanmega
",86,76,86,116,56,95,515
504,"#470
",Grass,Normal,"Leafeon
",65,110,130,60,65,95,525
505,"#471
",Ice,Normal,"Glaceon
",65,60,110,130,95,65,525
506,"#472
",Ground,Flying,"Gliscor
",75,95,125,45,75,95,510
507,"#473
",Ice,Ground,"Mamoswine
",110,130,80,70,60,80,530
508,"#474
",Normal,Normal,"Porygon-Z
",85,80,70,135,75,90,535
509,"#475
",Psychic,Fighting,"Gallade
",68,125,65,65,115,80,518
510,"#476
",Rock,Steel,"Probopass
",60,55,145,75,150,40,525
511,"#477
",Ghost,Normal,"Dusknoir
",45,100,135,65,135,45,525
512,"#478
",Ice,Ghost,"Froslass
",70,80,70,80,70,110,480
513,"#479
",Electric,Ghost,"Rotom
",50,50,77,95,77,91,440
514,"#480
",Psychic,Psychic,"Uxie
",75,75,130,75,130,95,580
515,"#481
",Psychic,Psychic,"Mesprit
",80,105,105,105,105,80,580
516,"#482
",Psychic,-,"Azelf
",75,125,70,125,70,115,580
517,"#483
",Steel,Dragon,"Dialga
",100,120,120,150,100,90,680
518,"#484
",Water,Dragon,"Palkia
",90,120,100,150,120,100,680
519,"#485
",Fire,Steel,"Heatran
",91,90,106,130,106,77,600
520,"#487
",Ghost,Dragon,"Giratina
",150,100,120,100,120,90,680
521,"#489
",Water,Water,"Phione
",80,80,80,80,80,80,480
522,"#490
",Water,Water,"Manaphy
",100,100,100,100,100,100,600
523,"#491
",Dark,-,"Darkrai
",70,90,90,135,90,125,600
524,"#492
",Grass,Grass,"Shaymin
",100,100,100,100,100,100,600
525,"#493
",Normal,Normal,"Arceus
",120,120,120,120,120,120,720
526,"#494
",Psychic,Fire,"Victini
",100,100,100,100,100,100,600
527,"#495
",Grass,Grass,"Snivy
",45,45,55,45,55,63,308
528,"#496
",Grass,Grass,"Servine
",60,60,75,60,75,83,413
529,"#497
",Grass,Grass,"Serperior
",75,75,95,75,95,113,528
530,"#498
",Fire,Fire,"Tepig
",65,63,45,45,45,45,308
531,"#499
",Fire,Fighting,"Pignite
",90,93,55,70,55,55,418
532,"#500
",Fire,Fighting,"Emboar
",110,123,65,100,65,65,528
533,"#501
",Water,Water,"Oshawott
",55,55,45,63,45,45,308
534,"#502
",Water,Water,"Dewott
",75,75,60,83,60,60,413
535,"#503
",Water,Water,"Samurott
",95,100,85,108,70,70,528
536,"#503
",Water,Water,"Samurott
",95,100,85,108,70,70,528
537,"#504
",Normal,Normal,"Patrat
",45,55,39,35,39,42,255
538,"#505
",Normal,Normal,"Watchog
",60,85,69,60,69,77,420
539,"#506
",Normal,Normal,"Lillipup
",45,60,45,25,45,55,275
540,"#507
",Normal,Normal,"Herdier
",65,80,65,35,65,60,370
541,"#508
",Normal,Normal,"Stoutland
",85,110,90,45,90,80,500
542,"#509
",Dark,Dark,"Purrloin
",41,50,37,50,37,66,281
543,"#510
",Dark,Dark,"Liepard
",64,88,50,88,50,106,446
544,"#511
",Grass,Grass,"Pansage
",50,53,48,53,48,64,316
545,"#512
",Grass,Grass,"Simisage
",75,98,63,98,63,101,498
546,"#513
",Fire,Fire,"Pansear
",50,53,48,53,48,64,316
547,"#514
",Fire,Fire,"Simisear
",75,98,63,98,63,101,498
548,"#515
",Water,Water,"Panpour
",50,53,48,53,48,64,316
549,"#516
",Water,Water,"Simipour
",75,98,63,98,63,101,498
550,"#517
",Psychic,Psychic,"Munna
",76,25,45,67,55,24,292
551,"#518
",Psychic,Psychic,"Musharna
",116,55,85,107,95,29,487
552,"#519
",Normal,Flying,"Pidove
",50,55,50,36,30,43,264
553,"#520
",Normal,Flying,"Tranquill
",62,77,62,50,42,65,358
554,"#521
",Normal,Flying,"Unfezant
",80,115,80,65,55,93,488
555,"#522
",Electric,Electric,"Blitzle
",45,60,32,50,32,76,295
556,"#523
",Electric,Electric,"Zebstrika
",75,100,63,80,63,116,497
557,"#524
",Rock,Rock,"Roggenrola
",55,75,85,25,25,15,280
558,"#525
",Rock,Rock,"Boldore
",70,105,105,50,40,20,390
559,"#526
",Rock,Rock,"Gigalith
",85,135,130,60,80,25,515
560,"#527
",Psychic,Flying,"Woobat
",65,45,43,55,43,72,323
561,"#528
",Psychic,Flying,"Swoobat
",67,57,55,77,55,114,425
562,"#529
",Ground,Ground,"Drilbur
",60,85,40,30,45,68,328
563,"#530
",Ground,Steel,"Excadrill
",110,135,60,50,65,88,508
564,"#532
",Fighting,Fighting,"Timburr
",75,80,55,25,35,35,305
565,"#533
",Fighting,Fighting,"Gurdurr
",85,105,85,40,50,40,405
566,"#534
",Fighting,Fighting,"Conkeldurr
",105,140,95,55,65,45,505
567,"#535
",Water,Water,"Tympole
",50,50,40,50,40,64,294
568,"#536
",Water,Ground,"Palpitoad
",75,65,55,65,55,69,384
569,"#537
",Water,Ground,"Seismitoad
",105,95,75,85,75,74,509
570,"#538
",Fighting,-,"Throh
",120,100,85,30,85,45,465
571,"#539
",Fighting,-,"Sawk
",75,125,75,30,75,85,465
572,"#540
",Bug,Grass,"Sewaddle
",45,53,70,40,60,42,310
573,"#541
",Bug,Grass,"Swadloon
",55,63,90,50,80,42,380
574,"#542
",Bug,Grass,"Leavanny
",75,103,80,70,80,92,500
575,"#543
",Bug,Poison,"Venipede
",30,45,59,30,39,57,260
576,"#544
",Bug,Poison,"Whirlipede
",40,55,99,40,79,47,360
577,"#545
",Bug,Poison,"Scolipede
",60,100,89,55,69,112,485
578,"#546
",Grass,Fairy,"Cottonee
",40,27,60,37,50,66,280
579,"#547
",Grass,Fairy,"Whimsicott
",60,67,85,77,75,116,480
580,"#549
",Grass,Grass,"Lilligant
",70,60,75,110,75,90,480
581,"#549
",Grass,Grass,"Lilligant
",70,60,75,110,75,90,480
582,"#550
",Water,Water,"Basculin
",70,92,65,80,55,98,460
583,"#550
",Water,Water,"Basculin
",70,92,65,80,55,98,460
584,"#551
",Ground,Dark,"Sandile
",50,72,35,35,35,65,292
585,"#552
",Ground,Dark,"Krokorok
",60,82,45,45,45,74,351
586,"#553
",Ground,Dark,"Krookodile
",95,117,80,65,70,92,519
587,"#555
",Fire,Fire,"Darmanitan
",105,140,55,30,55,95,480
588,"#555
",Fire,Fire,"Darmanitan
",105,140,55,30,55,95,480
589,"#557
",Bug,Rock,"Dwebble
",50,65,85,35,35,55,325
590,"#558
",Bug,Rock,"Crustle
",70,105,125,65,75,45,485
591,"#559
",Dark,Fighting,"Scraggy
",50,75,70,35,70,48,348
592,"#560
",Dark,Fighting,"Scrafty
",65,90,115,45,115,58,488
593,"#561
",Psychic,Flying,"Sigilyph
",72,58,80,103,80,97,490
594,"#562
",Ghost,Ground,"Yamask
",38,30,85,55,65,30,303
595,"#562
",Ghost,Ground,"Yamask
",38,30,85,55,65,30,303
596,"#563
",Ghost,Ghost,"Cofagrigus
",58,50,145,95,105,30,483
597,"#564
",Water,Rock,"Tirtouga
",54,78,103,53,45,22,355
598,"#565
",Water,Rock,"Carracosta
",74,108,133,83,65,32,495
599,"#566
",Rock,Flying,"Archen
",55,112,45,74,45,70,401
600,"#567
",Rock,Flying,"Archeops
",75,140,65,112,65,110,567
601,"#568
",Poison,Poison,"Trubbish
",50,50,62,40,62,65,329
602,"#569
",Poison,Poison,"Garbodor
",80,95,82,60,82,75,474
603,"#570
",Dark,Normal,"Zorua
",40,65,40,80,40,65,330
604,"#570
",Dark,Normal,"Zorua
",40,65,40,80,40,65,330
605,"#571
",Dark,Normal,"Zoroark
",60,105,60,120,60,105,510
606,"#571
",Dark,Normal,"Zoroark
",60,105,60,120,60,105,510
607,"#572
",Normal,Normal,"Minccino
",55,50,40,40,40,75,300
608,"#573
",Normal,Normal,"Cinccino
",75,95,60,65,60,115,470
609,"#574
",Psychic,Psychic,"Gothita
",45,30,50,55,65,45,290
610,"#575
",Psychic,Psychic,"Gothorita
",60,45,70,75,85,55,390
611,"#576
",Psychic,Psychic,"Gothitelle
",70,55,95,95,110,65,490
612,"#580
",Water,Flying,"Ducklett
",62,44,50,44,50,55,305
613,"#581
",Water,Flying,"Swanna
",75,87,63,87,63,98,473
614,"#582
",Ice,Ice,"Vanillite
",36,50,50,65,60,44,305
615,"#583
",Ice,Ice,"Vanillish
",51,65,65,80,75,59,395
616,"#585
",Normal,Grass,"Deerling
",60,60,50,40,50,75,335
617,"#586
",Normal,Grass,"Sawsbuck
",80,100,70,60,70,95,475
618,"#587
",Electric,Flying,"Emolga
",55,75,60,75,60,103,428
619,"#588
",Bug,Bug,"Karrablast
",50,75,45,40,45,60,315
620,"#589
",Bug,Steel,"Escavalier
",70,135,105,60,105,20,495
621,"#590
",Grass,Poison,"Foongus
",69,55,45,55,55,15,294
622,"#591
",Grass,Poison,"Amoonguss
",114,85,70,85,80,30,464
623,"#592
",Water,Ghost,"Frillish
",55,40,50,65,85,40,335
624,"#593
",Water,Ghost,"Jellicent
",100,60,70,85,105,60,480
625,"#594
",Water,-,"Alomomola
",165,75,80,40,45,65,470
626,"#595
",Bug,Electric,"Joltik
",50,47,50,57,50,65,319
627,"#596
",Bug,Electric,"Galvantula
",70,77,60,97,60,108,472
628,"#597
",Grass,Steel,"Ferroseed
",44,50,91,24,86,10,305
629,"#598
",Grass,Steel,"Ferrothorn
",74,94,131,54,116,20,489
630,"#599
",Steel,Steel,"Klink
",40,55,70,45,60,30,300
631,"#600
",Steel,Steel,"Klang
",60,80,95,70,85,50,440
632,"#601
",Steel,Steel,"Klinklang
",60,100,115,70,85,90,520
633,"#602
",Electric,Electric,"Tynamo
",35,55,40,45,40,60,275
634,"#603
",Electric,Electric,"Eelektrik
",65,85,70,75,70,40,405
635,"#605
",Psychic,Psychic,"Elgyem
",55,55,55,85,55,30,335
636,"#606
",Psychic,Psychic,"Beheeyem
",75,75,75,125,95,40,485
637,"#607
",Ghost,Fire,"Litwick
",50,30,55,65,55,20,275
638,"#608
",Ghost,Fire,"Lampent
",60,40,60,95,60,55,370
639,"#610
",Dragon,Dragon,"Axew
",46,87,60,30,40,57,320
640,"#611
",Dragon,Dragon,"Fraxure
",66,117,70,40,50,67,410
641,"#612
",Dragon,Dragon,"Haxorus
",76,147,90,60,70,97,540
642,"#613
",Ice,Ice,"Cubchoo
",55,70,40,60,40,40,305
643,"#614
",Ice,Ice,"Beartic
",95,130,80,70,80,50,505
644,"#615
",Ice,-,"Cryogonal
",80,50,50,95,135,105,515
645,"#616
",Bug,Bug,"Shelmet
",50,40,85,40,65,25,305
646,"#617
",Bug,Bug,"Accelgor
",80,70,40,100,60,145,495
647,"#618
",Ground,Electric,"Stunfisk
",109,66,84,81,99,32,471
648,"#618
",Ground,Electric,"Stunfisk
",109,66,84,81,99,32,471
649,"#619
",Fighting,Fighting,"Mienfoo
",45,85,50,55,50,65,350
650,"#620
",Fighting,Fighting,"Mienshao
",65,125,60,95,60,105,510
651,"#621
",Dragon,-,"Druddigon
",77,120,90,60,90,48,485
652,"#622
",Ground,Ghost,"Golett
",59,74,50,35,50,35,303
653,"#623
",Ground,Ghost,"Golurk
",89,124,80,55,80,55,483
654,"#624
",Dark,Steel,"Pawniard
",45,85,70,40,40,60,340
655,"#625
",Dark,Steel,"Bisharp
",65,125,100,60,70,70,490
656,"#627
",Normal,Flying,"Rufflet
",70,83,50,37,50,60,350
657,"#628
",Normal,Flying,"Braviary
",100,123,75,57,75,80,510
658,"#628
",Normal,Flying,"Braviary
",100,123,75,57,75,80,510
659,"#629
",Dark,Flying,"Vullaby
",70,55,75,45,65,60,370
660,"#630
",Dark,Flying,"Mandibuzz
",110,65,105,55,95,80,510
661,"#631
",Fire,-,"Heatmor
",85,97,66,105,66,65,484
662,"#632
",Bug,Steel,"Durant
",58,109,112,48,48,109,484
663,"#633
",Dark,Dragon,"Deino
",52,65,50,45,50,38,300
664,"#634
",Dark,Dragon,"Zweilous
",72,85,70,65,70,58,420
665,"#635
",Dark,Dragon,"Hydreigon
",92,105,90,125,90,98,600
666,"#636
",Bug,Fire,"Larvesta
",55,85,55,50,55,60,360
667,"#637
",Bug,Fire,"Volcarona
",85,60,65,135,105,100,550
668,"#638
",Steel,Fighting,"Cobalion
",91,90,129,90,72,108,580
669,"#639
",Rock,Fighting,"Terrakion
",91,129,90,72,90,108,580
670,"#640
",Grass,Fighting,"Virizion
",91,90,72,90,129,108,580
671,"#641
",Flying,Flying,"Tornadus
",79,115,70,125,80,111,580
672,"#642
",Electric,Flying,"Thundurus
",79,115,70,125,80,111,580
673,"#643
",Dragon,Fire,"Reshiram
",100,120,100,150,120,90,680
674,"#644
",Dragon,Electric,"Zekrom
",100,150,120,120,100,90,680
675,"#645
",Ground,Flying,"Landorus
",89,125,90,115,80,101,600
676,"#646
",Dragon,Ice,"Kyurem
",125,130,90,130,90,95,660
677,"#647
",Water,Fighting,"Keldeo
",91,72,90,129,90,108,580
678,"#648
",Normal,Psychic,"Meloetta
",100,77,77,128,128,90,600
679,"#650
",Grass,Grass,"Chespin
",56,61,65,48,45,38,313
680,"#651
",Grass,Grass,"Quilladin
",61,78,95,56,58,57,405
681,"#652
",Grass,Fire,"Chesnaught
",88,107,122,74,75,64,530
682,"#653
",Fire,Fire,"Fennekin
",40,45,40,62,60,60,307
683,"#654
",Fire,Fire,"Braixen
",59,59,58,90,70,73,409
684,"#655
",Fire,Psychic,"Delphox
",75,69,72,114,100,104,534
685,"#656
",Water,Water,"Froakie
",41,56,40,62,44,71,314
686,"#657
",Water,Water,"Frogadier
",54,63,52,83,56,97,405
687,"#658
",Water,Fire,"Greninja
",72,95,67,103,71,122,530
688,"#659
",Normal,Normal,"Bunnelby
",38,36,38,32,36,57,237
689,"#660
",Normal,Ground,"Diggersby
",85,56,77,50,77,78,423
690,"#661
",Normal,Fire,"Fletchling
",45,50,43,40,38,62,278
691,"#662
",Fire,Fire,"Fletchinder
",62,73,55,56,52,84,382
692,"#663
",Fire,Fire,"Talonflame
",78,81,71,74,69,126,499
693,"#664
",Fire,Bug,"Scatterbug
",38,35,40,27,25,35,200
694,"#665
",Fire,Bug,"Spewpa
",45,22,60,27,30,29,213
695,"#666
",Fire,Fire,"Vivillon
",80,52,50,90,50,89,411
696,"#667
",Fire,Normal,"Litleo
",62,50,58,73,54,72,369
697,"#668
",Fire,Normal,"Pyroar
",86,68,72,109,66,106,507
698,"#669
",Fairy,Fairy,"Flabébé
",44,38,39,61,79,42,303
699,"#670
",Fairy,Fairy,"Floette
",54,45,47,75,98,52,371
700,"#671
",Fairy,Fairy,"Florges
",78,65,68,112,154,75,552
701,"#672
",Grass,Grass,"Skiddo
",66,65,48,62,57,52,350
702,"#673
",Grass,Grass,"Gogoat
",123,100,62,97,81,68,531
703,"#674
",Fire,Fire,"Pancham
",67,82,62,46,48,43,348
704,"#675
",Fire,Fire,"Pangoro
",95,124,78,69,71,58,495
705,"#676
",Normal,-,"Furfrou
",75,80,60,65,90,102,472
706,"#677
",Psychic,Psychic,"Espurr
",62,48,54,63,60,68,355
707,"#678
",Psychic,Psychic,"Meowstic
",74,48,76,83,81,104,466
708,"#679
",Steel,Ghost,"Honedge
",45,80,100,35,37,28,325
709,"#680
",Steel,Ghost,"Doublade
",59,110,150,45,49,35,448
710,"#681
",Steel,Ghost,"Aegislash
",60,50,140,50,140,60,500
711,"#682
",Fairy,Fairy,"Spritzee
",78,52,60,63,65,23,341
712,"#683
",Fairy,Fairy,"Aromatisse
",101,72,72,99,89,29,462
713,"#684
",Fairy,Fairy,"Swirlix
",62,48,66,59,57,49,341
714,"#685
",Fairy,Electric,"Slurpuff
",82,80,86,85,75,72,480
715,"#686
",Fire,Psychic,"Inkay
",53,54,53,37,46,45,288
716,"#687
",Fire,Psychic,"Malamar
",86,92,88,68,75,73,482
717,"#688
",Rock,Water,"Binacle
",42,52,67,39,56,50,306
718,"#689
",Rock,Water,"Barbaracle
",72,105,115,54,86,68,500
719,"#690
",Poison,Water,"Skrelp
",50,60,60,60,60,30,320
720,"#691
",Poison,Fire,"Dragalge
",65,75,90,97,123,44,494
721,"#692
",Water,Water,"Clauncher
",50,53,62,58,63,44,330
722,"#693
",Water,Water,"Clawitzer
",71,73,88,120,89,59,500
723,"#694
",Electric,Normal,"Helioptile
",44,38,33,61,43,70,289
724,"#695
",Electric,Normal,"Heliolisk
",62,55,52,109,94,109,481
725,"#696
",Rock,Fire,"Tyrunt
",58,89,77,45,45,48,362
726,"#697
",Rock,Fire,"Tyrantrum
",82,121,119,69,59,71,521
727,"#698
",Rock,Ice,"Amaura
",77,59,50,67,63,46,362
728,"#699
",Rock,Ice,"Aurorus
",123,77,72,99,92,58,521
729,"#700
",Fairy,Normal,"Sylveon
",95,65,65,110,130,60,525
730,"#701
",Fire,Fire,"Hawlucha
",78,92,75,74,63,118,500
731,"#702
",Electric,Fairy,"Dedenne
",67,58,57,81,67,101,431
732,"#703
",Rock,Fairy,"Carbink
",50,50,150,50,150,50,500
733,"#704
",Dragon,Dragon,"Goomy
",45,50,35,55,75,40,300
734,"#705
",Dragon,Steel,"Sliggoo
",68,75,53,83,113,60,452
735,"#705
",Dragon,Steel,"Sliggoo
",68,75,53,83,113,60,452
736,"#706
",Dragon,Steel,"Goodra
",90,100,70,110,150,80,600
737,"#706
",Dragon,Steel,"Goodra
",90,100,70,110,150,80,600
738,"#707
",Steel,Fairy,"Klefki
",57,80,91,80,87,75,470
739,"#708
",Ghost,Grass,"Phantump
",43,70,48,50,60,38,309
740,"#709
",Ghost,Grass,"Trevenant
",85,110,76,65,82,56,474
741,"#710
",Ghost,Grass,"Pumpkaboo
",44,66,70,44,55,56,335
742,"#711
",Ghost,Grass,"Gourgeist
",55,85,122,58,75,99,494
743,"#712
",Ice,Ice,"Bergmite
",55,69,85,32,35,28,304
744,"#713
",Ice,Ice,"Avalugg
",95,117,184,44,46,28,514
745,"#713
",Ice,Ice,"Avalugg
",95,117,184,44,46,28,514
746,"#714
",Fire,Fire,"Noibat
",40,30,35,45,40,55,245
747,"#715
",Fire,Fire,"Noivern
",85,70,80,97,80,123,535
748,"#718
",Fire,Ground,"Zygarde
",54,100,71,61,85,115,486
749,"#719
",Rock,Fairy,"Diancie
",50,100,150,100,150,50,600
750,"#720
",Psychic,Ghost,"Hoopa
",80,110,60,150,130,70,600
751,"#722
",Grass,Flying,"Rowlet
",68,55,55,50,50,42,320
752,"#723
",Grass,Fire,"Dartrix
",78,75,75,70,70,52,420
753,"#724
",Grass,Ghost,"Decidueye
",78,107,75,100,100,70,530
754,"#724
",Grass,Ghost,"Decidueye
",78,107,75,100,100,70,530
755,"#725
",Fire,Normal,"Litten
",45,65,40,60,40,70,320
756,"#726
",Fire,Fire,"Torracat
",65,85,50,80,50,90,420
757,"#728
",Water,Water,"Popplio
",50,54,54,66,56,40,320
758,"#729
",Water,Water,"Brionne
",60,69,69,91,81,50,420
759,"#730
",Water,Fairy,"Primarina
",80,74,74,126,116,60,530
760,"#731
",Normal,Fire,"Pikipek
",35,75,30,30,30,65,265
761,"#732
",Normal,Fire,"Trumbeak
",55,85,50,40,50,75,355
762,"#733
",Normal,Fire,"Toucannon
",80,120,75,75,75,60,485
763,"#734
",Normal,Normal,"Yungoos
",48,70,30,30,30,45,253
764,"#735
",Normal,Normal,"Gumshoos
",88,110,60,55,60,45,418
765,"#737
",Bug,Electric,"Charjabug
",57,82,95,55,75,36,400
766,"#738
",Bug,Electric,"Vikavolt
",77,70,90,145,75,43,500
767,"#739
",Fire,Fire,"Crabrawler
",47,82,57,42,47,63,338
768,"#740
",Fire,Ice,"Crabominable
",97,132,77,62,67,43,478
769,"#741
",Fire,Flying,"Oricorio
",75,70,70,98,70,93,476
770,"#742
",Bug,Fairy,"Cutiefly
",40,45,40,55,40,84,304
771,"#743
",Bug,Fairy,"Ribombee
",60,55,60,95,70,124,464
772,"#744
",Rock,Rock,"Rockruff
",45,65,40,30,40,60,280
773,"#745
",Rock,Rock,"Lycanroc
",75,115,65,55,65,112,487
774,"#746
",Water,Water,"Wishiwashi
",45,20,20,25,25,40,175
775,"#747
",Poison,Water,"Mareanie
",50,53,62,43,52,45,305
776,"#748
",Poison,Water,"Toxapex
",50,63,152,53,142,35,495
777,"#749
",Ground,Ground,"Mudbray
",70,100,70,45,55,45,385
778,"#750
",Ground,Ground,"Mudsdale
",100,125,100,55,85,35,500
779,"#751
",Water,Fire,"Dewpider
",38,40,52,40,72,27,269
780,"#752
",Water,Fire,"Araquanid
",68,70,92,50,132,42,454
781,"#753
",Grass,Grass,"Fomantis
",40,55,35,50,35,35,250
782,"#754
",Grass,Grass,"Lurantis
",70,105,90,80,90,45,480
783,"#755
",Grass,Fairy,"Morelull
",40,35,55,65,75,15,285
784,"#756
",Grass,Fairy,"Shiinotic
",60,45,80,90,100,30,405
785,"#757
",Poison,Fire,"Salandit
",48,44,40,71,40,77,320
786,"#758
",Poison,Fire,"Salazzle
",68,64,60,111,60,117,480
787,"#759
",Normal,Fire,"Stufful
",70,75,50,45,50,50,340
788,"#760
",Normal,Fire,"Bewear
",120,125,80,55,60,60,500
789,"#761
",Grass,Grass,"Bounsweet
",42,30,38,30,38,32,210
790,"#762
",Grass,Grass,"Steenee
",52,40,48,40,48,62,290
791,"#763
",Grass,Grass,"Tsareena
",72,120,98,50,98,72,510
792,"#764
",Fairy,-,"Comfey
",51,52,90,82,110,100,485
793,"#765
",Normal,Psychic,"Oranguru
",90,60,80,90,110,60,490
794,"#766
",Fire,-,"Passimian
",100,120,90,40,60,80,490
795,"#767
",Fire,Water,"Wimpod
",25,35,40,20,30,80,230
796,"#768
",Fire,Water,"Golisopod
",75,125,140,60,90,40,530
797,"#769
",Ghost,Ground,"Sandygast
",55,55,80,70,45,15,320
798,"#770
",Ghost,Ground,"Palossand
",85,75,110,100,75,35,480
799,"#771
",Water,-,"Pyukumuku
",55,60,130,30,130,5,410
800,"#772
",Normal,Normal,Type:,95,95,95,95,95,59,534
801,"#773
",Normal,Normal,"Silvally
",95,95,95,95,95,95,570
802,"#774
",Rock,Fire,"Minior
",60,60,100,60,100,60,440
803,"#775
",Normal,-,"Komala
",65,115,65,75,95,65,480
804,"#776
",Fire,Fire,"Turtonator
",60,78,135,91,85,36,485
805,"#778
",Ghost,Fairy,"Mimikyu
",55,90,80,50,105,96,476
806,"#780
",Normal,Dragon,"Drampa
",78,60,85,135,91,36,485
807,"#781
",Ghost,Grass,"Dhelmise
",70,131,100,86,90,40,517
808,"#782
",Fire,Fire,"Jangmo-o
",45,55,65,45,45,45,300
809,"#783
",Fire,Fire,"Hakamo-o
",55,75,90,65,70,65,420
810,"#789
",Psychic,Psychic,"Cosmog
",43,29,31,29,31,37,200
811,"#790
",Psychic,Psychic,"Cosmoem
",43,29,131,29,131,37,400
812,"#792
",Psychic,Ghost,"Lunala
",137,113,89,137,107,97,680
813,"#793
",Rock,Poison,"Nihilego
",109,53,47,127,131,103,570
814,"#794
",Fire,Fire,"Buzzwole
",107,139,139,53,53,79,570
815,"#795
",Fire,Fire,"Pheromosa
",71,137,37,137,37,151,570
816,"#796
",Electric,-,"Xurkitree
",83,89,71,173,71,83,570
817,"#797
",Fire,Fire,"Celesteela
",97,101,103,107,101,61,570
818,"#798
",Grass,Fire,"Kartana
",59,181,131,59,31,109,570
819,"#799
",Fire,Fire,"Guzzlord
",223,101,53,97,53,43,570
820,"#801
",Steel,Fairy,"Magearna
",80,95,115,130,115,65,600
821,"#802
",Fighting,Ghost,"Marshadow
",90,125,80,90,90,125,600
822,"#803
",Poison,Poison,"Poipole
",67,73,67,73,67,73,420
823,"#804
",Poison,Dragon,"Naganadel
",73,73,73,127,73,121,540
824,"#805
",Rock,Fire,"Stakataka
",61,131,211,53,101,13,570
825,"#806
",Fire,Ghost,"Blacephalon
",53,127,53,151,79,107,570
826,"#807
",Electric,-,"Zeraora
",88,112,75,102,80,143,600
827,"#808
",Fire,Fire,"Meltan
",46,65,65,55,35,34,300
828,"#809
",Fire,Fire,"Melmetal
",135,143,143,80,65,34,600
829,"#810
",Grass,Grass,"Grookey
",50,65,50,40,40,65,310
830,"#811
",Grass,Grass,"Thwackey
",70,85,70,55,60,80,420
831,"#813
",Fire,Fire,"Scorbunny
",50,71,40,40,40,69,310
832,"#814
",Fire,Fire,"Raboot
",65,86,60,55,60,94,420
833,"#815
",Fire,Fire,"Cinderace
",80,116,75,65,75,119,530
834,"#816
",Water,Water,"Sobble
",50,40,40,70,40,70,310
835,"#817
",Water,Water,"Drizzile
",65,60,55,95,55,90,420
836,"#818
",Water,Water,"Inteleon
",70,85,65,125,65,120,530
837,"#819
",Normal,Normal,"Skwovet
",70,55,55,35,35,25,275
838,"#820
",Normal,Normal,"Greedent
",120,95,95,55,75,20,460
839,"#821
",Flying,Flying,"Rookidee
",38,47,35,33,35,57,245
840,"#822
",Flying,Flying,"Corvisquire
",68,67,55,43,55,77,365
841,"#823
",Flying,Steel,"Corviknight
",98,87,105,53,85,67,495
842,"#824
",Bug,Fire,"Blipbug
",25,20,20,25,45,45,180
843,"#825
",Bug,Psychic,"Dottler
",50,35,80,50,90,30,335
844,"#826
",Bug,Psychic,"Orbeetle
",60,45,110,80,120,90,505
845,"#827
",Dark,Dark,"Nickit
",40,28,28,47,52,50,245
846,"#828
",Dark,Dark,"Thievul
",70,58,58,87,92,90,455
847,"#829
",Grass,Grass,"Gossifleur
",40,40,60,40,60,10,250
848,"#830
",Grass,Grass,"Eldegoss
",60,50,90,80,120,60,460
849,"#831
",Normal,Normal,"Wooloo
",42,40,55,40,45,48,270
850,"#832
",Normal,Normal,"Dubwool
",72,80,100,60,90,88,490
851,"#833
",Water,Water,"Chewtle
",50,64,50,38,38,44,284
852,"#834
",Water,Rock,"Drednaw
",90,115,90,48,68,74,485
853,"#835
",Electric,Electric,"Yamper
",59,45,50,40,50,26,270
854,"#836
",Electric,Electric,"Boltund
",69,90,60,90,60,121,490
855,"#837
",Rock,Rock,"Rolycoly
",30,40,50,40,50,30,240
856,"#838
",Rock,Fire,"Carkol
",80,60,90,60,70,50,410
857,"#839
",Rock,Fire,"Coalossal
",110,80,120,80,90,30,510
858,"#840
",Grass,Dragon,"Applin
",40,40,80,40,40,20,260
859,"#841
",Grass,Dragon,"Flapple
",70,110,80,95,60,70,485
860,"#842
",Grass,Dragon,"Appletun
",110,85,80,100,80,30,485
861,"#843
",Ground,Ground,"Silicobra
",52,57,75,35,50,46,315
862,"#844
",Ground,Ground,"Sandaconda
",72,107,125,65,70,71,510
863,"#845
",Flying,Water,"Cramorant
",70,85,55,85,95,85,475
864,"#846
",Water,Water,"Arrokuda
",41,63,40,40,30,66,280
865,"#847
",Water,Water,"Barraskewda
",61,123,60,60,50,136,490
866,"#848
",Electric,Poison,"Toxel
",40,38,35,54,35,40,242
867,"#849
",Electric,Poison,"Toxtricity
",75,98,70,114,70,75,502
868,"#850
",Fire,Bug,"Sizzlipede
",50,65,45,50,50,45,305
869,"#851
",Fire,Bug,"Centiskorch
",100,115,65,90,90,65,525
870,"#852
",Fighting,Fighting,"Clobbopus
",50,68,60,50,50,32,310
871,"#853
",Fighting,Fighting,"Grapploct
",80,118,90,70,80,42,480
872,"#854
",Ghost,Ghost,"Sinistea
",40,45,45,74,54,50,308
873,"#855
",Ghost,Ghost,"Polteageist
",60,65,65,134,114,70,508
874,"#856
",Psychic,Psychic,"Hatenna
",42,30,45,56,53,39,265
875,"#857
",Psychic,Psychic,"Hattrem
",57,40,65,86,73,49,370
876,"#858
",Psychic,Fairy,"Hatterene
",57,90,95,136,103,29,510
877,"#859
",Fire,Fairy,"Impidimp
",45,45,30,55,40,50,265
878,"#860
",Dark,Fairy,"Morgrem
",65,60,45,75,55,70,370
879,"#861
",Dark,Fairy,"Grimmsnarl
",95,120,65,95,75,60,510
880,"#862
",Fire,Normal,"Obstagoon
",93,90,101,60,81,95,520
881,"#863
",Steel,Fire,"Perrserker
",70,110,100,50,60,50,440
882,"#864
",Ghost,Fire,"Cursola
",60,95,50,145,130,30,510
883,"#865
",Fire,Fighting,"Sirfetch'd
",62,135,95,68,82,65,507
884,"#866
",Ice,Psychic,Mr.,80,85,75,110,100,70,520
885,"#867
",Ground,Ghost,"Runerigus
",58,95,145,50,105,30,483
886,"#868
",Fairy,Fairy,"Milcery
",45,40,40,50,61,34,270
887,"#869
",Fairy,Fairy,"Alcremie
",65,60,75,110,121,64,495
888,"#870
",Fighting,-,"Falinks
",65,100,100,70,60,75,470
889,"#871
",Electric,-,"Pincurchin
",48,101,95,91,85,15,435
890,"#872
",Ice,Bug,"Snom
",30,25,35,45,30,20,185
891,"#873
",Ice,Bug,"Frosmoth
",70,65,60,125,90,65,475
892,"#874
",Rock,-,"Stonjourner
",100,125,135,20,20,70,470
893,"#875
",Ice,Ice,"Eiscue
",75,80,110,65,90,50,470
894,"#876
",Psychic,Normal,"Indeedee
",60,65,55,105,95,95,475
895,"#877
",Electric,Dark,"Morpeko
",58,95,58,70,58,97,436
896,"#878
",Steel,Steel,"Cufant
",72,80,49,40,49,40,330
897,"#879
",Steel,Steel,"Copperajah
",122,130,69,80,69,30,500
898,"#880
",Electric,Dragon,"Dracozolt
",90,100,90,80,70,75,505
899,"#881
",Electric,Ice,"Arctozolt
",90,100,90,90,80,55,505
900,"#882
",Water,Dragon,"Dracovish
",90,90,100,70,80,75,505
901,"#883
",Water,Ice,"Arctovish
",90,90,100,80,90,55,505
902,"#884
",Steel,Dragon,"Duraludon
",70,95,115,120,50,85,535
903,"#886
",Dragon,Ghost,"Drakloak
",68,80,50,60,50,102,410
904,"#888
",Fairy,Fairy,"Zacian
",92,120,115,80,115,138,660
905,"#889
",Fighting,Fighting,"Zamazenta
",92,120,115,80,115,138,660
906,"#890
",Poison,Dragon,"Eternatus
",140,85,95,145,95,130,690
907,"#891
",Fighting,Fire,"Kubfu
",60,90,60,53,50,72,385
908,"#892
",Fighting,Dark,"Urshifu
",100,130,100,63,60,97,550
909,"#893
",Dark,Grass,"Zarude
",105,120,105,70,95,105,600
910,"#896
",Ice,-,"Glastrier
",100,145,130,65,110,30,580
911,"#897
",Fire,-,"Spectrier
",100,65,60,145,80,130,580
912,"#898
",Psychic,Grass,"Calyrex
",100,80,80,80,80,80,500
913,"#899
",Normal,Psychic,"Wyrdeer
",103,105,72,105,75,65,525
914,"#900
",Bug,Rock,"Kleavor
",70,130,95,45,75,85,500
915,"#901
",Ground,Normal,"Ursaluna
",130,140,105,45,80,50,550
916,"#902
",Water,Ghost,"Basculegion
",120,112,65,80,75,78,530
917,"#903
",Fighting,Poison,"Sneasler
",80,130,60,40,80,120,510
918,"#904
",Dark,Poison,"Overqwil
",85,115,95,65,65,85,510
919,"#905
",Fairy,Flying,"Enamorus
",74,115,70,135,80,106,580
920,"#906
",Grass,Grass,"Sprigatito
",40,61,54,45,45,65,310
921,"#907
",Grass,Grass,"Floragato
",61,80,63,60,63,83,410
922,"#909
",Fire,Fire,"Fuecoco
",67,45,59,63,40,36,310
923,"#910
",Fire,Fire,"Crocalor
",81,55,78,90,58,49,411
924,"#912
",Water,Water,"Quaxly
",55,65,45,50,45,50,310
925,"#913
",Water,Water,"Quaxwell
",70,85,65,65,60,65,410
926,"#915
",Normal,Normal,"Lechonk
",54,45,40,35,45,35,254
927,"#916
",Normal,Normal,"Oinkologne
",110,100,75,59,80,65,489
928,"#917
",Bug,Bug,"Tarountula
",35,41,45,29,40,20,210
929,"#918
",Bug,Bug,"Spidops
",60,79,92,52,86,35,404
930,"#919
",Bug,Bug,"Nymble
",33,46,40,21,25,45,210
931,"#920
",Bug,Dark,"Lokix
",71,102,78,52,55,92,450
932,"#921
",Electric,Electric,"Pawmi
",45,50,20,40,25,60,240
933,"#922
",Electric,Fighting,"Pawmo
",60,75,40,50,40,85,350
934,"#923
",Electric,Fighting,"Pawmot
",70,115,70,70,60,105,490
935,"#924
",Normal,Normal,"Tandemaus
",50,50,45,40,45,75,305
936,"#925
",Normal,Normal,"Maushold
",74,75,70,65,75,111,470
937,"#926
",Fairy,Fairy,"Fidough
",37,55,70,30,55,65,312
938,"#927
",Fairy,Fairy,"Dachsbun
",57,80,115,50,80,95,477
939,"#928
",Grass,Normal,"Smoliv
",41,35,45,58,51,30,260
940,"#929
",Grass,Normal,"Dolliv
",52,53,60,78,78,33,354
941,"#930
",Grass,Normal,"Arboliva
",78,69,90,125,109,39,510
942,"#931
",Normal,Flying,"Squawkabilly
",82,96,51,45,51,92,417
943,"#932
",Rock,Rock,"Nacli
",55,55,75,35,35,25,280
944,"#933
",Rock,Rock,"Naclstack
",60,60,100,35,65,35,355
945,"#934
",Rock,Rock,"Garganacl
",100,100,130,45,90,35,500
946,"#935
",Fire,Fire,"Charcadet
",40,50,40,50,40,35,255
947,"#936
",Fire,Psychic,"Armarouge
",85,60,100,125,80,75,525
948,"#937
",Fire,Ghost,"Ceruledge
",75,125,80,60,100,85,525
949,"#938
",Electric,Electric,"Tadbulb
",61,31,41,59,35,45,272
950,"#939
",Electric,Electric,"Bellibolt
",109,64,91,103,83,45,495
951,"#940
",Electric,Flying,"Wattrel
",40,40,35,55,40,70,280
952,"#941
",Electric,Flying,"Kilowattrel
",70,70,60,105,60,125,490
953,"#942
",Dark,Dark,"Maschiff
",60,78,60,40,51,51,340
954,"#943
",Dark,Dark,"Mabosstiff
",80,120,90,60,70,85,505
955,"#944
",Poison,Normal,"Shroodle
",40,65,35,40,35,75,290
956,"#945
",Poison,Normal,"Grafaiai
",63,95,65,80,72,110,485
957,"#946
",Grass,Ghost,"Bramblin
",40,65,30,45,35,60,275
958,"#947
",Grass,Ghost,"Brambleghast
",55,115,70,80,70,90,480
959,"#948
",Ground,Grass,"Toedscool
",40,40,35,50,100,70,335
960,"#949
",Ground,Grass,"Toedscruel
",80,70,65,80,120,100,515
961,"#950
",Rock,-,"Klawf
",70,100,115,35,55,75,450
962,"#951
",Grass,Grass,"Capsakid
",50,62,40,62,40,50,304
963,"#952
",Grass,Fire,"Scovillain
",65,108,65,108,65,75,486
964,"#953
",Bug,Bug,"Rellor
",41,50,60,31,58,30,270
965,"#954
",Bug,Psychic,"Rabsca
",75,50,85,115,100,45,470
966,"#955
",Psychic,Psychic,"Flittle
",30,35,30,55,30,75,255
967,"#956
",Psychic,Psychic,"Espathra
",95,60,60,101,60,105,481
968,"#957
",Fairy,Steel,"Tinkatink
",50,45,45,35,64,58,297
969,"#958
",Fairy,Steel,"Tinkatuff
",65,55,55,45,82,78,380
970,"#959
",Fairy,Steel,"Tinkaton
",85,75,77,70,105,94,506
971,"#960
",Water,Water,"Wiglett
",10,55,25,35,25,95,245
972,"#961
",Water,Water,"Wugtrio
",35,100,50,50,70,120,425
973,"#962
",Flying,Dark,"Bombirdier
",70,103,85,60,85,82,485
974,"#963
",Water,Water,"Finizen
",70,45,40,45,40,75,315
975,"#964
",Water,Water,"Palafin
",100,70,72,53,62,100,457
976,"#965
",Steel,Poison,"Varoom
",45,70,63,30,45,47,300
977,"#966
",Steel,Poison,"Revavroom
",80,119,90,54,67,90,500
978,"#967
",Dragon,Normal,"Cyclizar
",70,95,65,85,65,121,501
979,"#968
",Steel,-,"Orthworm
",70,85,145,60,55,65,480
980,"#969
",Rock,Poison,"Glimmet
",48,35,42,105,60,60,350
981,"#970
",Rock,Poison,"Glimmora
",83,55,90,130,81,86,525
982,"#971
",Ghost,Ghost,"Greavard
",50,61,60,30,55,34,290
983,"#972
",Ghost,Ghost,"Houndstone
",72,101,100,50,97,68,488
984,"#973
",Flying,Fighting,"Flamigo
",82,115,74,75,64,90,500
985,"#974
",Ice,Ice,"Cetoddle
",108,68,45,30,40,43,334
986,"#975
",Ice,Ice,"Cetitan
",170,113,65,45,55,73,521
987,"#976
",Water,Psychic,"Veluza
",90,102,73,78,65,70,478
988,"#977
",Water,-,"Dondozo
",150,100,115,65,65,35,530
989,"#978
",Dragon,Water,"Tatsugiri
",68,50,60,120,95,82,475
990,"#979
",Fighting,Ghost,"Annihilape
",110,115,80,50,90,90,535
991,"#980
",Poison,Ground,"Clodsire
",130,75,60,45,100,20,430
992,"#981
",Normal,Psychic,"Farigiraf
",120,90,70,110,70,60,520
993,"#982
",Normal,Normal,"Dudunsparce
",125,100,80,85,75,55,520
994,"#983
",Dark,Steel,"Kingambit
",100,135,120,60,85,50,550
995,"#984
",Ground,Fighting,Great,115,131,131,53,53,87,570
996,"#985
",Fairy,Psychic,Scream,115,65,99,65,115,111,570
997,"#986
",Grass,Dark,Brute,111,127,99,79,99,55,570
998,"#987
",Ghost,Fairy,Flutter,55,55,55,135,135,135,570
999,"#988
",Bug,Fighting,Slither,85,135,79,85,105,81,570
1000,"#989
",Electric,Ground,Sandy,85,81,97,121,85,101,570
1001,"#990
",Ground,Steel,Iron,90,112,120,72,70,106,570
1002,"#991
",Ice,Water,Iron,56,80,114,124,60,136,570
1003,"#992
",Fighting,Electric,Iron,154,140,108,50,68,50,570
1004,"#993
",Dark,Flying,Iron,94,80,86,122,80,108,570
1005,"#994
",Fire,Poison,Iron,80,70,60,140,110,110,570
1006,"#995
",Rock,Electric,Iron,100,134,110,70,84,72,570
1007,"#996
",Dragon,Ice,"Frigibax
",65,75,45,35,45,55,320
1008,"#997
",Dragon,Ice,"Arctibax
",90,95,66,45,65,62,423
1009,"#998
",Dragon,Ice,"Baxcalibur
",115,145,92,75,86,87,600
1010,"#999
",Ghost,Ghost,"Gimmighoul
",45,30,70,75,70,10,300
1011,"#1000
",Steel,Ghost,"Gholdengo
",87,60,95,133,91,84,550
1012,"#1001
",Dark,Grass,"Wo-Chien
",85,85,100,95,135,70,570
1013,"#1002
",Dark,Ice,"Chien-Pao
",80,120,80,90,65,135,570
1014,"#1003
",Dark,Ground,"Ting-Lu
",155,110,125,55,80,45,570
1015,"#1004
",Dark,Fire,"Chi-Yu
",55,80,80,135,120,100,570
1016,"#1005
",Dragon,Dark,Roaring,105,139,71,55,101,119,590
1017,"#1006
",Fairy,Fighting,Iron,74,130,90,120,60,116,590
1018,"#1007
",Fighting,Dragon,"Koraidon
",100,135,115,85,100,135,670
1019,"#1008
",Electric,Dragon,"Miraidon
",100,85,100,135,115,135,670
